{"cameraMode":{"drawMode":0,"name":"Shaded","section":"Shading Mode"},"sceneLighting":false,"audioPlay":false,"sceneViewState":{"showFog":true,"showMaterialUpdate":false,"showSkybox":false,"showFlares":true,"showImageEffects":true,"showParticleSystems":true},"in2DMode":false,"pivot":{"x":-0.7015094757080078,"y":4.8882927894592289,"z":-1.431778907775879},"rotation":{"x":0.019236253574490548,"y":0.9230520129203796,"z":-0.046559520065784457,"w":0.3813645541667938},"size":14.922296524047852,"orthographic":false}