{"cameraMode":{"drawMode":0,"name":"Shaded","section":"Shading Mode"},"sceneLighting":false,"audioPlay":false,"sceneViewState":{"showFog":true,"showMaterialUpdate":false,"showSkybox":false,"showFlares":true,"showImageEffects":true,"showParticleSystems":true},"in2DMode":false,"pivot":{"x":1.350000023841858,"y":0.49000000953674319,"z":10.550000190734864},"rotation":{"x":0.08158285915851593,"y":0.465101420879364,"z":-0.04309789463877678,"w":0.8804394602775574},"size":2.8578836917877199,"orthographic":false}