{"cameraMode":{"drawMode":0,"name":"Shaded","section":"Shading Mode"},"sceneLighting":false,"audioPlay":false,"sceneViewState":{"showFog":true,"showMaterialUpdate":false,"showSkybox":false,"showFlares":true,"showImageEffects":true,"showParticleSystems":true},"in2DMode":false,"pivot":{"x":0.10398080945014954,"y":-0.16583023965358735,"z":0.3120671510696411},"rotation":{"x":-0.21288877725601197,"y":-0.2922578454017639,"z":0.06611600518226624,"w":-0.9301154017448425},"size":0.5998814105987549,"orthographic":false}