{"cameraMode":{"drawMode":0,"name":"Shaded","section":"Shading Mode"},"sceneLighting":false,"audioPlay":false,"sceneViewState":{"showFog":true,"showMaterialUpdate":false,"showSkybox":false,"showFlares":true,"showImageEffects":true,"showParticleSystems":true},"in2DMode":false,"pivot":{"x":1.499400019645691,"y":1.4358999729156495,"z":6.9807000160217289},"rotation":{"x":0.07454288750886917,"y":-0.9000511169433594,"z":0.17020396888256074,"w":0.394185870885849},"size":22.0,"orthographic":false}